ThugginAsx_12,2016-01-27 06:07:31,&amp; I just seen this fire looking asx food on fb üòüüòÅ
michaelchris_94,2016-01-27 06:07:31,"RT @DenzelOkafor: Why every time I'm hungry, you hungry? http://t.co/OO27LeEOYV"
callmenoon_,2016-01-27 06:07:32,RT @deonyx_: hungry
lovelyxree,2016-01-27 06:07:32,Me all the timeüò©üò≠ https://t.co/37J0fX9kYU
WayneKelly6,2016-01-27 06:07:32,Never too late https://t.co/skY3GKN0CG
Obey_MyRayRay,2016-01-27 06:07:32,I'm the mood for all types of food ..
madisonnkylee,2016-01-27 06:07:32,RT @maryssaroseee: I'm hungry but I don't wanna get up üôÑ
wiikekemato,2016-01-27 06:07:32,RT @daesukie: daehyun wanted to give the food to younghee but because youngjae was in the middle he https://t.co/UXs9hXiXUB
rwaddill91,2016-01-27 06:07:33,"I've harvested 3,010 of food!  https://t.co/WBKwgjAg0y #android, #androidgames, #gameinsight"
bpnationn,2016-01-27 06:07:33,RT @lexymorejon: I just wanna travel the world and eat good food
n_adeera,2016-01-27 06:07:33,"@markaaay asks, ""What's your favorite food?‚Äù ‚Äî fooood hehehe https://t.co/8UbNkMKALS"
dannitani,2016-01-27 06:07:33,"@markaaay asks, ""What's your favorite food?‚Äù ‚Äî ANYTHING POTATO https://t.co/5TSsIh5Z0e"
Annsomruedee,2016-01-27 06:07:32,"I've harvested 700 of food!  https://t.co/STzVfmXSAf #android, #androidgames, #gameinsight"
davenport0907,2016-01-27 06:07:33,"I've harvested 165 of food!  https://t.co/bobNu2Be1r #ipad, #ipadgames, #gameinsight"
FitnessBody10,2016-01-27 06:07:33,Surprising Signs of a Food Sensitivity! https://t.co/ZwpvmICcqn https://t.co/SFTebQcptk
kailajustooooo,2016-01-27 06:07:33,this is beautiful  https://t.co/jUnHBMPJwh
arvyote,2016-01-27 06:07:33,I would have gone out to get food but I started drinking. Oops.
TheGamerPro03,2016-01-27 06:07:34,Fast Food Folk Song - Rhett &amp; Link https://t.co/V8zAuNHxfD via @YouTube
robertrod1824,2016-01-27 06:07:34,The best cooks make healthy food taste good
Alexelgr8one,2016-01-27 06:07:34,@lalii_72 Hungry? Eat a Snickers üòÜ
linn_eis,2016-01-27 06:07:34,RT @Wendys: @bguerns13 edible food
NinoJakClubbers,2016-01-27 06:07:34,Itadakimaaaaas #food #foodporn #yum #instafood #TagsForLikes.com #yummy #amazing #instagood‚Ä¶ https://t.co/P1IOXsKqsX
sujeongrxx,2016-01-27 06:07:34,"@seulgi__k im statiesfied. .  But, i want a cake or cheese cake. Jm so hungry rn ppali!! Peje peje peje"
cgiarclimate_EA,2016-01-27 06:07:34,RT @marymwendwa: Long Lasting Sweetpotato Seed Systems Key to Improved  Food Security.  https://t.co/1VT2X3XFpe @AFJournalists @AAS_CGIAR @‚Ä¶
amanda_0913,2016-01-27 06:07:35,I liked a @YouTube video from @jaykang89 https://t.co/2RToaz2wiI Crazy Spicy Korean food / Ddeokbokki [JKTV]
anothernovel,2016-01-27 06:07:36,"Ladies, what if we had a dollar for every time we went to bed hungry? No more wage gap!"
Irish_papii,2016-01-27 06:07:36,Fuck no !!! https://t.co/9N9UDvtFl5
NapoleonXXII,2016-01-27 06:07:36,gays be so happy to get a dude outside of the 'gay local food chain' they'll take anything foreign. https://t.co/bkXq7E1HvW
zeugirdorariam,2016-01-27 06:07:36,RT @_natalieflores: When you tell ur best friend ur hungry and you both are craving the same thing.... https://t.co/FlJcyrxmQg
saranimals,2016-01-27 06:07:37,Neither. Bawling their eyes out. Have 2 leave free junk food. #OregonUnderAttack  https://t.co/PcUDMfbBb5
DavinetteL,2016-01-27 06:07:38,"I've harvested 322 of food!  https://t.co/v5YSKgfAeg #iphone, #iphonegames, #gameinsight"
AxelDorantes,2016-01-27 06:07:38,"@markaaay asks, ""What's your favorite food?‚Äù ‚Äî My Favorite food, would be mexican, chinesse, burgers sushi pizza ?‚Ä¶ https://t.co/ehxan7eiQQ"
oh_big_pig,2016-01-27 06:07:38,"RT @marimocomedor: Ëè†ËòøÂåÖ„ÄÇÊò®Êó•ÁÑº„ÅÑ„Å¶„ÅÑ„Åü„ÅÇ„ÅÆÂ≠ê„Åß„Åô„ÄÇ
‰∏ÄÊô©Áµå„Å£„Åü„Åë„Å©„ÇÇ„Å°„Åµ„Çè„Éº‚ô°
#TwitterÂÆ∂Â∫≠ÊñôÁêÜÈÉ® #„ÅäËÖπ„Éö„Ç≥„É™„É≥ÈÉ® 
#„É¨„Ç∑„Éî„Éñ„É≠„Ç∞ #„Åø„ÇÉ„Çä„ÇÇÈ£üÂ†Ç
https://t.co/l5tIKsoq78 https://t.co/EDuNFzmqsG"
alextumay,2016-01-27 06:07:38,@Two9CEEJ their food is so bad tho. I can't deal.
kristen_weis,2016-01-27 06:07:38,Just a food fanatic. https://t.co/TwqmnPua3V
Dom3x_,2016-01-27 06:07:39,"That shit sad asf when the people you're with have money to get food , clothes , ect but you don't üòÇ"
_corinnamoon,2016-01-27 06:07:39,im hungry
sjpearl_,2016-01-27 06:07:39,"RT @vnaasty_: ""do what makes you happy"" 
*eats all the food I want*"
batman_riquez,2016-01-27 06:07:39,Hungry af üò™
alpsHighD,2016-01-27 06:07:39,woke up go food tgisuis greaf
intutj,2016-01-27 06:07:39,It‚Äôs raining and I‚Äôm hungry
_slimmcutie,2016-01-27 06:07:39,"It's Sad When A Person Doesn't Know What Size Their Child Wears, The Child's Likes And Dislikes, Favorite Food Color Etc. Simple Shit"
Nasya_Nashrah,2016-01-27 06:07:39,"I've harvested 430 of food!  https://t.co/6QM4aStNkH #android, #androidgames, #gameinsight"
VocalAboutLocal,2016-01-27 06:07:40,RT @Norburtonhall: Thanks @VocalAboutLocal for adding us to your list. We love the wonderful creativity &amp; delicious food here in Dorset. Oh‚Ä¶
Ieathrmouthiero,2016-01-27 06:07:40,"RT @sassychicanx: -bloating, swelling, swollen or tender breasts/nipples, headaches or migraines, backaches, food repulsion or-"
WOOLWORTHS_SA,2016-01-27 06:07:40,RT @expressoshow: We have @WOOLWORTHS_SA dietitian Cindy Chin in the kitchen to show us some healthy food solutions! #ExpressoShow https://‚Ä¶
_icedTEE,2016-01-27 06:07:40,RT @raybannnsss: You just went so far üò≠ https://t.co/7GYC93msQZ
xovoworld,2016-01-27 06:07:40,but I'm hungry asf I haven't ate shit all day
OHSehun66890215,2016-01-27 06:07:41,"RT @AkeruFeed: ‡∏°‡∏∑‡πâ‡∏≠‡πÄ‡∏ä‡πâ‡∏≤‡πÅ‡∏™‡∏ô‡∏≠‡∏£‡πà‡∏≠‡∏¢‡πÅ‡∏•‡∏∞‡∏™‡∏∏‡∏Ç‡∏†‡∏≤‡∏û‡∏î‡∏µ ‡∏Å‡∏±‡∏ö Overnight Oatmeals
#AkeruFeed #diet https://t.co/W3k4kT7kde https://t.co/34tmgLgcy1"
Odd_Ajae,2016-01-27 06:07:41,Y'all doing me wrong with the food üò≠
thnksfrthpm0re,2016-01-27 06:07:41,@gerardway just like every food when you think about it #mindblown
cailinjunker,2016-01-27 06:07:41,There is no shame in self care.  You need extra sleep? Have a nap.  Hungry? Fuel your body.  #BellLetsTalk #selfcare
NadiaFlores23,2016-01-27 06:07:42,RT @davidzavala1109: When I get my own house in gonna bet myself two fridges cause I'm always hungry lol
ryandfree,2016-01-27 06:07:42,RT @crucifalex: when ur friend shares their food https://t.co/IhoPGJdJhf
agusanatic,2016-01-27 06:07:42,Jadi obat nyamuk üòÖ (with Nonang and Nurul at Bumi Maitri (Depot Vegetarian Food)) ‚Äî https://t.co/8XYQUQV9Av
LLMBeanTX,2016-01-27 06:07:42,"I've harvested 953 of food!  https://t.co/3yzjioTA6N #iphone, #iphonegames, #gameinsight"
soulgolden_,2016-01-27 06:07:42,And of course I'm hungry
soonsunn,2016-01-27 06:07:42,"RT @ThatsSarcasm: I have this problem where I'm always hungry, always tired, or always stressed. Someone tell me what it's like to not be a‚Ä¶"
BiologyTrivia,2016-01-27 06:07:42,Q: Food chains were first introduced by the which scientist and philosopher?
food_veberage10,2016-01-27 06:07:42,„Äé@food_veberage10„Åï„Çì„ÄÅTwitter„ÅßÂæ°Á§æ„Éì„Ç∏„Éç„Çπ„ÇíÂÆ£‰ºù„Åó„Åæ„Åó„Çá„ÅÜ„ÄèÈ£üÂìÅÔºÜÈ£≤Êñô„ÅÆÂ£≤„ÇåÁ≠ã„Éô„Çπ„Éà10ÔΩúhttps://t.co/hdHpHSBCDx #È£üÂìÅ #È£≤Êñô
lexxiibabeeey_,2016-01-27 06:07:43,RT @dweebtron: Mood https://t.co/3hex5d0elG
ash_Wcoast,2016-01-27 06:07:43,Kinda want food
babybuff_,2016-01-27 06:07:43,"I'm at ‡πÇ‡∏£‡∏á‡∏≠‡∏≤‡∏´‡∏≤‡∏£ (Food Center) in Mueang Chiang Rai, Chiang Rai w/ @fearn_phiraya @yingyingks @555khunzaz https://t.co/PFKqIVeUCU"
timbertoysinc,2016-01-27 06:07:43,Its frightening to think i am guilty of using one to heat food most days and using a plastic bowl or plate to do... https://t.co/tUxZlF1ML0
sjsampson,2016-01-27 06:07:43,mighty fine menu you got hear you got any of that food i keep hearing about from my 30 year old kid
wumb0_,2016-01-27 06:07:43,@UhImFAT  https://t.co/8KOOuwtnoG
AFRICANSrBETTER,2016-01-27 06:07:44,I'm hungry....üò©
elizaxclayton,2016-01-27 06:07:44,#truthordare @bruhitszach I dare you to eat cat food
KeyonnaMccrae,2016-01-27 06:07:44,@_KaylenJackson are you hungry lil baby ?
paugm98,2016-01-27 06:07:45,RT @sofyavillarreal: Manden hamburguesa del food box
Blueis21,2016-01-27 06:07:46,"I've harvested 1,000 of food!  https://t.co/ohGzWyvwdW #android, #androidgames, #gameinsight"
Ieathrmouthiero,2016-01-27 06:07:46,"RT @sassychicanx: -food cravings (which can be dangerous w people who have EDs), joint pain, muscle pain, mood swings, anxiety-"
JTouches,2016-01-27 06:07:46,People are getting triggered because she accidentally killed one chicken. Acting like thousands don't get killed for food on the daily
riona_optional,2016-01-27 06:07:46,@Morghan3618 so much junk food Morghan. So much. #BellLetsTalk
daud_khan,2016-01-27 06:07:46,"RT @AnujChopra: With relish, Kabul's middle class embraces the food truck trend - lovely piece by @GDecamme https://t.co/yT6DatCS27 https:/‚Ä¶"
Lynncresswell13,2016-01-27 06:07:46,"I've harvested 1,380 of food!  https://t.co/cGhTUP06DU #android, #androidgames, #gameinsight"
Tesco,2016-01-27 06:07:47,@Chris_Mears_UX Morning Chris. We can display food up till the use by date in our stores. [1]
kathysmgarcia,2016-01-27 06:07:47,HAHAHAHAHAHAHAHAHAHHAAH https://t.co/pz1qMH1ict
_SusySmalls,2016-01-27 06:07:47,Shopping for dog food. So expensive
lizz_taylorr,2016-01-27 06:07:48,RT @Hannahh_Renae: Never fails for me to be hungry in the middle of the night üòí
tellobee,2016-01-27 06:07:48,why are all big nipples named after a food -shane
axd4nl,2016-01-27 06:07:48,First I need food!!!!
IngaPhillips,2016-01-27 06:07:48,"RT @moilakk: Eh ok and food üç¥üòã""@IngaPhillips: Doing my hair ""@moilakk: 4 hours of?""@IngaPhillips: 8am is when I will get up 11am I will be ‚Ä¶"
yoriedha,2016-01-27 06:07:48,"I've harvested 270 of food!  https://t.co/EgybpugCxM #android, #androidgames, #gameinsight"
MakinDicksHard,2016-01-27 06:07:49,@VibrantRuler I don't like buy the food we cook. Especially after working with it.
BigSean_63,2016-01-27 06:07:49,"RT @813MrFreakShow: I Give God The Glory I'm Blessed. This Is Big Time. Let's Go Get It. Humble, Hungry, Prayed Up. https://t.co/T0D79GqDva"
SustaitaJoseph,2016-01-27 06:07:49,"I've harvested 480 of food!  https://t.co/x68zXVmiP7 #android, #androidgames, #gameinsight"
johnicecream,2016-01-27 06:07:49,I'm always hungry
CheeryASC,2016-01-27 06:07:49,"I've harvested 703 of food!  https://t.co/MSTvlKzBVN #android, #androidgames, #gameinsight"
pennywa14031464,2016-01-27 06:07:49,USA is a country where people spend half of their money on food and the other half on losing weight.
kathysmgarcia,2016-01-27 06:07:49,RT @lisafrayree: Me when it comes to food https://t.co/afIvQMPQrX
dynasstt,2016-01-27 06:07:49,this bitch is the real mvp low key üòÇ https://t.co/HClVlfOsRZ
holakimz,2016-01-27 06:07:50,feels like food coma
kelssss7,2016-01-27 06:07:50,"My mind literally changes on everything constantly. Like when I order food, as soon as the waitress walks away I change my mind. Struggles"
Vanishasuba,2016-01-27 06:07:50,"I've harvested 554 of food!  https://t.co/yxUHsMB44I #android, #androidgames, #gameinsight"
Winemac85,2016-01-27 06:07:50,"I've harvested 1,080 of food!  https://t.co/5h5VMxt2LC #iphone, #iphonegames, #gameinsight"
ikyokung,2016-01-27 06:07:50,#food #cathaypacific #airplane #hongkong https://t.co/v9nGYY1qUx
NETFLlXANDCHlLL,2016-01-27 06:07:51,RT @princeadvm: watching someone takes off their underwear gives me the same feeling of when the server bring my food to me at the restaura‚Ä¶
fiddysantos,2016-01-27 06:07:51,RT @VintagePapi: I knew she was the one when I told her I was hungry and she told me to come over because she going to cook for me.
SitiInayah,2016-01-27 06:07:50,Mungkin gegara joon park sama jae rim sibuk syuting. https://t.co/MDktafOEqT
diet2fitness,2016-01-27 06:07:51,RT @ersimp: I think it's funny when fitness twitters follow me because half the time I tweet about food.. And not the healthy kind
sjwebb47,2016-01-27 06:07:51,Help me support Kenya #Orphanage in 2016 general expenses food /clothing etc https://t.co/3UK4HVHBqE  #crowdfunding https://t.co/pcLJcRgMtV
Omobolanle_A,2016-01-27 06:07:52,"RT @SemilooreAkoni: parents aren't rich but I've never lacked food in my mouth, clothes on my back , and shoes on my feet . I'm Blessed and‚Ä¶"
KragTheBull,2016-01-27 06:07:52,"@NikkiJadeTaylor damn sofas!! Mine eats everything. Food, keys, change, 2 dogs and a homeless guy. Doesn't matter! üòÉ"
mudmexx,2016-01-27 06:07:52,"I'm at ‡πÇ‡∏£‡∏á‡∏≠‡∏≤‡∏´‡∏≤‡∏£ (Food Center) in Mueang Chiang Rai, Chiang Rai w/ @fearn_phiraya @yingyingks @babybuff_ @555khunzaz https://t.co/2x28McWfXC"
jabney8,2016-01-27 06:07:52,@BlazeBaggs @TeamMcCain John sat silent while the fraudulent Food Insurance Maps were redrawn and the elderly lost their homes
lauren_laflamme,2016-01-27 06:07:52,"RT @xojennydey: 7/$27.50 &gt; boys
makeup &gt; boys 
your education &gt; boys 
direct deposit &gt; boys
skincare &gt; boys 
food &gt; boys"
MarlonMismanos,2016-01-27 06:07:52,"RT @PapaJackQuote: Lovelife? Nah i dont need that, Just unlimited food and i'm barely complete."
audreezee_anna,2016-01-27 06:07:52,RT @chanelpuke: Me while my food is heating up in the microwave https://t.co/Sb72SBtxsV
jacine_cabahug,2016-01-27 06:07:54,"RT @KIEFLYitaly: I'm waiting... - Kief
Manong ano ba ang iniintay mo yung food o yung sagot ni Ly? üôäüíô

#KiefLy #TeamThirty https://t.co/rQy‚Ä¶"
KatChiancone,2016-01-27 06:07:54,Give me Japanese food or give me death!.....like really I'm starving
kennedysuber,2016-01-27 06:07:54,@bruhitszach #truthordare Go to your favorite food place and start twerking üòÇüëèüèº
daromanova99005,2016-01-27 06:07:54,"Looking for free sex meetings? - https://t.co/EiacyMOndw
 #cocktails #closeup #hungry"
eewen05,2016-01-27 06:07:54,"I've harvested 710 of food!  https://t.co/i62HaYIty4 #android, #androidgames, #gameinsight"
HappyExceed_AR,2016-01-27 06:07:55,"""I usually seen carrying around a green backpack, where I keep food and items that can be used on battle""-Bot"
emmalyn_bolton,2016-01-27 06:07:55,I stay hungry
DishingDelish,2016-01-27 06:07:55,Sweet &amp; Sticky Oven Baked Chicken Drumsticks -... https://t.co/vCYGYX93oW #food #foodie
ranchelrosario,2016-01-27 06:07:55,bodasyweddings : RT josemarioochoa val_fina worldtime7 jvpmbp Food truck weddings en #Virg‚Ä¶ https://t.co/sEdLsfdxR0 https://t.co/nI0E5kK76e
jingalynmallari,2016-01-27 06:07:56,Mom bought me so much food. Omg
infamouslaurenn,2016-01-27 06:07:56,Fucking A I left my to go box of food at work. Ughhaziduej üò°üò°
Shai_2300,2016-01-27 06:07:56,I'm so confused idk if I want some more food or a snack
_bay15,2016-01-27 06:07:56,RT @LostAtCollege: Rmbr when u thought ppl in their 20s were adults..now we're all in our 20s just kinda fumbling around bumping into thing‚Ä¶
bantikile,2016-01-27 06:07:56,"RT @MohauNgalo: @SakinaKamwendo @ShoeshoeQhu @amliveonsafm we all know why food is expensive, so why education is expensive? Can someone pl‚Ä¶"
sailormoonme,2016-01-27 06:07:56,I love food as much as Little Chef does in Ratatouille.
KissMiAdidas,2016-01-27 06:07:56,RT @lovelyxree: Me all the timeüò©üò≠ https://t.co/37J0fX9kYU
judyc,2016-01-27 06:07:56,".@DaveInOsaka on #Periscope: Aung Thu Kha, popular local eatery serving Burmese food üá≤üá≤ Yangon, Myanmar https://t.co/nQcsQ5DZNw"
gialcasagrande,2016-01-27 06:07:56,RT @steph_swanson: when I get my license I'm gonna drive places and get food  when I need to avoid my issues
_LuciaCaceres,2016-01-27 06:07:56,RT @NiallOfficial: Merry Christmas everyone ‚òÉ‚ù§Ô∏èüéÑüç∫. Have a great day wherever you are. Love you ... Food time üç¥
pie_rivera,2016-01-27 06:07:56,RT @_Everyday_Life_: My Top 5 Disney Foods #DisneyMom #Food¬†#Travel https://t.co/TBfMdg8xYC https://t.co/ozWLVOcXM4
leizyldesigns,2016-01-27 06:07:56,Half of the food I bought were snacks. I don't need this many snacks. #oops
sophy_ward,2016-01-27 06:07:57,Definitely hungry!
savannah_alsup,2016-01-27 06:07:57,"RT @KardashianReact: Remix to ignition, there's no food in the kitchen, my life is a mess and I can't afford my tuition"
mellizafra,2016-01-27 06:07:57,RT @lexymorejon: I just wanna travel the world and eat good food
Irish_papii,2016-01-27 06:07:57,"They better not claim they ""straight"" https://t.co/9N9UDvtFl5"
CoralineChandle,2016-01-27 06:07:57,"From clothes, cards, glasses, food, and list goes on. Feels like Tamako Market."
ModestinSuccess,2016-01-27 06:07:58,RT @Gbenga3k: Worst thing is being hungry at night
ariannahobson97,2016-01-27 06:07:58,RT @Juaaanaa_: tattoo hungry.
FoodSecuRR,2016-01-27 06:07:58,Conversations by top food security influencers in last 48hrs https://t.co/1sBgd6s5Iu
_gabbyconnell,2016-01-27 06:07:59,I think I associate Netflix with food too much.... Cause every time I watch it I want food even if I'm not hungry üòÖ
hmallen555,2016-01-27 06:08:00,"Why am I so hungry at 1 am?

That's just rude, body. I don't approve."
HOOKEDUPB,2016-01-27 06:08:00,is this true? lol &gt;&gt; Cheese really is like crack: Study reveals the food triggers the same pa... https://t.co/HMAFO62N8l via @YouTube
shajazudeen,2016-01-27 06:08:01,"RT @Roflindian: Stray dog in India to pup: ""Kid, US is so cool. Every dog has a home, nice food &amp; a caring master""

""But no fun without str‚Ä¶"
JustinWRoot,2016-01-27 06:08:01,RT @kelly_clarkson: Jet lag in London. River woke up @ 3am wanting to play. She is now asleep but now I'm hungry 4 breakfast. Can't order o‚Ä¶
OnitshaBoi,2016-01-27 06:08:01,RT @oblings_: GEJ spends N1bn on food in a year..Approximately N2.4million in a day.. Na human flesh u dey chop?? Who Dem dey deceive? #occ‚Ä¶
kaaaydawg,2016-01-27 06:08:01,when you see @ashleydiadiw buy her food and know she'll forget abt it in .2 seconds
RuthMcDaniel22,2016-01-27 06:08:02,RT @EatCleanFeed: The one crazy delicious weight loss food we know you're not eating: https://t.co/ELLuLmmt9N https://t.co/8W6BBprbBq
klikdoktercom,2016-01-27 06:08:02,"Hindari mknn yg tinggi karbohidrat, tinggi lemak, &amp; tinggi gula spt junk food, kue, dll utk mencegah #NgantukSetelahMakan . #KulTweetKD (7)"
camila_johns,2016-01-27 06:08:02,I just want all kinds of Mexican food right now omg trying so hard not to use door dash lol
COPLACHigherEd,2016-01-27 06:08:02,RT @UofA_Augustana: University of Alberta Libraries will be running a Food for Fines campaign. All donated food items will be... https://t.‚Ä¶
iCasshern,2016-01-27 06:08:02,Food always tastes better when it's prepared with love. #Casshern #Bot
GoofyConcept,2016-01-27 06:08:03,I hate that I love food so much üò≠
Lvelasquez_1,2016-01-27 06:08:03,Hungry üÜò
gabieframo,2016-01-27 06:08:03,I'm always hungry no matter what time it is üò≠ why?! Why?! Why??
yanandk,2016-01-27 06:08:03,"I've harvested 1,487 of food!  https://t.co/YmEi0CHSFl #android, #androidgames, #gameinsight"
Andreeew_22,2016-01-27 06:08:04,RT @yogirlV_: I swear I'm always hungry üôÑüòÅ
_yugymxma,2016-01-27 06:08:04,RT @jaehoped: why do they look like food in the microwave I'm  https://t.co/tEWaPhEGPn
niamasht0n,2016-01-27 06:08:04,RT @FunnyVines: Me when someone else has food.. https://t.co/1oFwt0IWUv
Rian18neke,2016-01-27 06:08:04,"I've harvested 30 of food!  https://t.co/ldTuh9PeJm #android, #androidgames, #gameinsight"
hermosillojay,2016-01-27 06:08:05,@ all food https://t.co/zRZKUJtnxn
RevisTheKid,2016-01-27 06:08:05,@neasha33 have any food in your room?
soypatriciaaa,2016-01-27 06:08:05,RT @MarcusButler: when you're hungry for kale #GetImFamousInTheCharts #ImFamous https://t.co/NYLnXjSiCf
maurerreinoldo,2016-01-27 06:08:05,Microsoft Nokia Lumia ( 950 XL ) Flip Wallet Case Cover P1843 Junk Food Green https://t.co/IiBsw5jXnS https://t.co/e4EERjhBR9
HeatherKadeg,2016-01-27 06:08:06,"I've harvested 1,365 of food!  https://t.co/8JDwigOtwb #ipad, #ipadgames, #gameinsight"
carol__says,2016-01-27 06:08:07,RT @Everything_TN: UT opened its first food pantry today for students who can't afford to eat; the pantry is located at the Tyson House htt‚Ä¶
dropthatashh,2016-01-27 06:08:07,"RT @dopeshaun: Bae: I want Chinese Food 
Me: http://t.co/D8bs1vAYOC"
MaryuiG,2016-01-27 06:08:07,"n√£o sei porque ainda sigo tts de food porn 
aquilo √© uma tortura"
Shakirasexii,2016-01-27 06:08:07,can syndi leave me alone im sick and hungry but if i eat im gonna throw up
EEDorantes,2016-01-27 06:08:07,"RT @OMGFacts: If Beef Is Your Favorite Food, You'll Love These 8 Useful Infographics https://t.co/LLpN6QQQjv"
britishcrip,2016-01-27 06:08:07,RT @tellobee: why are all big nipples named after a food -shane
Snegurothka,2016-01-27 06:08:07,We never have roaches because we never have food out and wash the dishes nightly. But we also have a garbage chute on every floor.
MadyGrace121,2016-01-27 06:08:08,"RT @bethelmusic: ""All things are possible here."" // Dallas, we saw a glimpse of His kingdom. We are His hungry ones. #WorshipNights https:/‚Ä¶"
halleyesdonnie,2016-01-27 06:08:08,The amount of food I can prepare during a commercial break is amazing.
xoxdaaisy,2016-01-27 06:08:08,omg im gonna show everyone how I eat my food from McDonald's next time üòÇüòÇüòÇ fridgers
vwcarguy6,2016-01-27 06:08:09,"I've harvested 1,395 of food!  https://t.co/FHb2j1Cet7 #android, #androidgames, #gameinsight"
InfluencingPast,2016-01-27 06:08:09,"‚ùùRuining people is delicious. We're all hungry, empaths and sociopaths. We want to consume.‚ùû"
ManManAfter12,2016-01-27 06:08:09,Forgot I had food üòÇ hungry af
SKlNNYANGEL,2016-01-27 06:08:09,food is poison and i have to remain pure
JUNIORRGJ,2016-01-27 06:08:10,@MsJamieClayton what is your favorite food
Francis76870627,2016-01-27 06:08:10,"I've harvested 215 of food!  https://t.co/94o8okYsAv #android, #androidgames, #gameinsight"
fiftylghts,2016-01-27 06:08:10,@MsJamieClayton what is your  favorite food??
A_Jasminee,2016-01-27 06:08:10,RT @Dontemacc: When you realize you love food üòÇüòÇ @swiftcam1 https://t.co/NfMuVg4PqK
LaurenBruss,2016-01-27 06:08:10,"""I need to go to sleep and stop thinking about food"""
MoneyMan_Cam24,2016-01-27 06:08:10,@PMF_Quan lol rs bro im hungry as shit
itsMayet27,2016-01-27 06:08:10,RT @itsrizamae: Congrats JANEandSPONGECOLA https://t.co/4pAwCDAj8m
esme_mosley,2016-01-27 06:08:10,Apparently my ability to get dinner ready in a hurry gives the badger reason to think he should never be hungry.
sunilchef2,2016-01-27 06:08:11,#padmashree to 2 food Indian icons !!! Great to hear and lots more to come...
usfdaRR,2016-01-27 06:08:12,Conversations by top food and drug administration influencers in last 48hrs https://t.co/2G6IV8RQ9F
smile_itsemily,2016-01-27 06:08:12,RT @rickyhettinger: Somebody bring me food
Humble_ByChoice,2016-01-27 06:08:12,Still Up Reading Hungry All Over Again!
MissDreaLove,2016-01-27 06:08:12,Hot bath‚úîÔ∏è just waiting on my food
NegronUlrichtlt,2016-01-27 06:08:12,You might have a million dollar body but you got a food stamp face..
christianchoach,2016-01-27 06:08:13,Food pl0x
sri_anggie,2016-01-27 06:08:13,"I've harvested 1,201 of food!  https://t.co/elN3SghG2Y #android, #androidgames, #gameinsight"
michaelgoran,2016-01-27 06:08:13,Petition for the Front Label Act - to require labeling and warnings on packaged food regarding added sugars https://t.co/1JD5sogBL3
dresstoKL,2016-01-27 06:08:13,Ooooopppp  https://t.co/sx2UjajyuO
srithh,2016-01-27 06:08:13,"#Bhimavaram
Y Locals Opposing Godavari Aqua Food Park?

will export shrimp to Thailan,Vietnam,Japan,US ..etc

Farmers can make good money"
kaylaajanai,2016-01-27 06:08:13,im really up thinking about food üòï.
MadisonRoberts4,2016-01-27 06:08:14,RT @LostAtCollege: Rmbr when u thought ppl in their 20s were adults..now we're all in our 20s just kinda fumbling around bumping into thing‚Ä¶
Chunk_thesav,2016-01-27 06:08:14,Wish I could come home to some food
SairaMillanes,2016-01-27 06:08:14,"@markaaay asks, ""What's your favorite food?‚Äù ‚Äî SPAGHETTI &lt;3. https://t.co/KLRlVMLY16"
xanthemercado,2016-01-27 06:08:14,I honestly could eat breakfast food all the time
gifttaglady,2016-01-27 06:08:14,"Glassine Bags, Set of 20, Food Bags, Pet Treats, Paw Print, Emb‚Ä¶ https://t.co/4ieLTg8jQ1 #gifttag #WhiteGlassineBags https://t.co/tPF4FN1ktv"
aryawan,2016-01-27 06:08:15,I prefer opium in my Chinese food #chinesefoodrecipe https://t.co/ITCcvPU9pB
TaeSoSweet13,2016-01-27 06:08:15,"Eat me some food to help ease the pain, but I really want some fruit and ice creamüò©üíî"
oohalicia,2016-01-27 06:08:15,RT @DisickReactions: Me while my food is heating up in the microwave https://t.co/uUp7m7cGgx
Irish_papii,2016-01-27 06:08:16,These niggas basically kissing  https://t.co/9N9UDvtFl5
ksonheim,2016-01-27 06:08:16,RT @bbambz: check out my vegan food blog ! http://t.co/0RiJpFeEdb all animals r friends not food üêÆüê∞üê£üêóüê©üêºüê∑üê∂üêµüêäüê∏üêôüêåüê†üêùüíü http://t.co/kaEiI2ky9U
GreenTeaSlushie,2016-01-27 06:08:17,I'm always so fucking hungry I needa stoppppp
kuchikominist,2016-01-27 06:08:17,John's Background Switcher „ÅÆ 'A Red Whiskered Bulbul with its food' https://t.co/rQ9rocjizL
jcp8_,2016-01-27 06:08:17,"RT @40oz_VAN: Won't buy their man a plate of food but when bitches come around they can't keep their money in their pockets, worst type of ‚Ä¶"
theicemaiden56,2016-01-27 06:08:17,"I've harvested 2,585 of food!  https://t.co/VPmXZ7QdRR #ipad, #ipadgames, #gameinsight"
OriginalTeee,2016-01-27 06:08:18,"I'm hungry, but I am not tryna drive üò©"
QofCashmere,2016-01-27 06:08:18,"cap,won't pick up the phone. be to busy, went in a date with another nigga 3 days ago. Or they just want free food  https://t.co/s3lTvBInDt"
Meks_B,2016-01-27 06:08:17,@Sir_Duby üëáüëá just love me ...pick your method  https://t.co/Po4fOCgK98
JOJiGZZ,2016-01-27 06:08:18,SO SMIT DOESNT STEAL MY FUCKING FOOD https://t.co/2tqZVESPKH
CatsAmaze,2016-01-27 06:08:18,RT @BeyondPetFood: Simply 9 contains just nine ingredients + vitamins &amp; minerals. Now that's food you can feel good about. #ThinkBeyond htt‚Ä¶
nenyaaah,2016-01-27 06:08:18,"@markaaay asks, ""What's your favorite food?‚Äù ‚Äî That's hard to answer https://t.co/4lglIkt2kW"
clarawhyte,2016-01-27 06:08:18,RT @marymwendwa: Long Lasting Sweetpotato Seed Systems Key to Improved  Food Security.  https://t.co/1VT2X3XFpe @AFJournalists @AAS_CGIAR @‚Ä¶
hailey_cierra15,2016-01-27 06:08:18,I can't sleep and I'm hungryüòíüòí
almunawwara64,2016-01-27 06:08:18,"@Mohusy01 @P_Muye We awaits ur testimonies after kun zama angwaye. Meanwhile, marriage is bynd food mehn!   it's a blend of pleasure &amp;pain."
AntEvans_SYB,2016-01-27 06:08:18,RT @hi_resolution31: @xavier_FN34 https://t.co/sBANieCKMa
wardhaan,2016-01-27 06:08:19,"@iamurvesh @princenarula88 me a big prince fan luv u prince and proud to be a tharki and sex hungry,, I dun respect odrs mom sis"
hayleyyprice,2016-01-27 06:08:19,"Why am I always hungry, this is not good.."
pinksett,2016-01-27 06:08:19,Hungry but to lazy to get up üò©üò©
djaflow_,2016-01-27 06:08:20,RT @FillWerrell: When you drunk af but you gotta finish your food üòÇ https://t.co/lHwPftoGkm
jujucastillo93,2016-01-27 06:08:20,"RT @ThatKidStevo: I waste a lot of things. 

Money, opportunities, food. 

But I hate wasting time. So please don't waste mine."
cat_riot,2016-01-27 06:08:20,prodigiousprocrastination: hell hath no fury like me when I‚Äôm slightly inconvenienced and hungry https://t.co/MITa0uhd8z
NaomiSeabridge,2016-01-27 06:08:20,"RT @DonnyDaughn: I always acknowledge that I shouldn't eat more food, but do it anyways"
myriam_1414,2016-01-27 06:08:20,H8 when people complain on how much I eat...like bitch I'm hungry.
_dionnejordan,2016-01-27 06:08:21,RT @WayneKelly6: Never too late https://t.co/skY3GKN0CG
FitnessForAll01,2016-01-27 06:08:21,Surprising Signs of a Food Sensitivity! https://t.co/6Ldf9FdlsZ https://t.co/GuKJSGu6sy
TimothyMeacham,2016-01-27 06:08:21,$6 for $12 worth of food and drinks https://t.co/KsNPVCjtw3
EraHaxhiu,2016-01-27 06:08:21,"RT @glamourmag: Stop ordering sesame chicken all the time, ok? Here's the Chinese food you SHOULD be trying instead: https://t.co/gJuXuNTH3C"
PragmaPartners,2016-01-27 06:08:21,RT @foodbankscanada: Did you know 2 in 5 children in the territories are food insecure? #NorthHunger https://t.co/YyyqXALIvL https://t.co/7‚Ä¶
